,Predicho,Y,?
0,-1,-1,VN
1,-1,-1,VN
2,1,1,VP
3,1,1,VP
4,-1,-1,VN
5,-1,-1,VN
6,1,1,VP
7,1,1,VP
8,-1,-1,VN
9,-1,-1,VN
10,1,1,VP
11,-1,-1,VN
12,1,1,VP
13,1,1,VP
14,1,1,VP
15,-1,-1,VN
16,-1,-1,VN
17,1,1,VP
18,1,1,VP
19,1,1,VP
20,-1,-1,VN
21,1,1,VP
22,1,1,VP
23,1,1,VP
24,1,1,VP
25,-1,-1,VN
26,1,1,VP
27,-1,-1,VN
28,-1,-1,VN
29,1,1,VP
30,1,1,VP
31,1,1,VP
32,1,1,VP
33,1,1,VP
34,-1,-1,VN
35,1,1,VP
36,-1,-1,VN
37,1,1,VP
38,-1,-1,VN
39,1,1,VP
40,-1,-1,VN
41,-1,-1,VN
42,1,1,VP
43,-1,-1,VN
44,1,1,VP
45,1,1,VP
46,-1,-1,VN
47,-1,-1,VN
48,1,1,VP
49,1,1,VP
50,1,1,VP
51,1,1,VP
52,-1,-1,VN
53,1,1,VP
54,-1,-1,VN
55,-1,-1,VN
56,1,1,VP
57,-1,-1,VN
58,1,1,VP
59,1,1,VP
60,1,1,VP
61,1,1,VP
62,1,1,VP
63,1,1,VP
64,1,1,VP
65,1,1,VP
66,-1,-1,VN
67,-1,-1,VN
68,-1,-1,VN
69,1,1,VP
70,1,1,VP
71,-1,-1,VN
72,1,1,VP
73,1,1,VP
74,1,1,VP
75,1,1,VP
76,1,1,VP
77,1,1,VP
78,-1,-1,VN
79,1,1,VP
80,-1,-1,VN
81,1,1,VP
82,1,1,VP
83,1,1,VP
84,1,1,VP
85,1,1,VP
86,1,1,VP
87,-1,-1,VN
88,1,1,VP
89,-1,-1,VN
90,1,1,VP
91,-1,-1,VN
92,1,1,VP
93,1,1,VP
94,1,1,VP
95,1,1,VP
96,1,1,VP
97,-1,-1,VN
98,1,1,VP
99,1,-1,FP
100,-1,-1,VN
101,1,1,VP
102,1,1,VP
103,1,1,VP
104,1,1,VP
105,-1,-1,VN
106,1,1,VP
107,-1,-1,VN
108,-1,-1,VN
109,1,1,VP
110,1,1,VP
111,1,1,VP
112,1,1,VP
113,1,1,VP
114,1,1,VP
115,1,1,VP
116,-1,-1,VN
117,1,1,VP
118,1,1,VP
119,-1,-1,VN
120,-1,-1,VN
121,1,1,VP
122,1,1,VP
123,1,1,VP
124,1,1,VP
125,1,1,VP
126,1,1,VP
127,1,1,VP
128,-1,-1,VN
129,1,1,VP
130,-1,-1,VN
131,-1,-1,VN
132,1,1,VP
133,-1,-1,VN
134,1,1,VP
135,1,1,VP
136,-1,-1,VN
137,-1,-1,VN
138,-1,-1,VN
139,1,-1,FP
140,1,1,VP
141,1,1,VP
142,1,-1,FP
143,-1,-1,VN
144,1,1,VP
145,1,1,VP
146,1,1,VP
147,-1,-1,VN
148,-1,-1,VN
149,-1,-1,VN
150,-1,-1,VN
151,1,1,VP
152,1,1,VP
153,1,1,VP
154,-1,-1,VN
155,1,1,VP
156,1,-1,FP
157,1,1,VP
158,-1,-1,VN
159,1,1,VP
160,1,-1,FP
161,1,1,VP
162,1,1,VP
163,1,1,VP
164,-1,-1,VN
165,1,1,VP
166,1,1,VP
167,1,1,VP
168,1,1,VP
169,1,1,VP
170,1,1,VP
171,1,1,VP
172,1,1,VP
173,-1,-1,VN
174,1,-1,FP
175,1,1,VP
176,1,1,VP
177,-1,-1,VN
178,1,1,VP
179,-1,-1,VN
180,-1,-1,VN
181,-1,-1,VN
182,-1,-1,VN
183,1,1,VP
184,1,1,VP
185,1,1,VP
186,1,1,VP
187,1,1,VP
188,-1,-1,VN
189,1,1,VP
190,1,1,VP
191,1,1,VP
192,1,1,VP
193,-1,-1,VN
194,1,1,VP
195,-1,-1,VN
196,-1,-1,VN
197,-1,-1,VN
198,-1,-1,VN
199,1,1,VP
200,1,1,VP
201,1,1,VP
202,1,1,VP
203,-1,-1,VN
204,-1,-1,VN
205,1,1,VP
206,1,1,VP
207,1,1,VP
208,-1,-1,VN
209,1,1,VP
210,1,1,VP
211,1,1,VP
212,1,1,VP
213,1,1,VP
214,1,1,VP
215,-1,-1,VN
216,1,1,VP
217,1,1,VP
218,-1,-1,VN
219,-1,-1,VN
220,1,1,VP
221,1,1,VP
222,1,1,VP
223,1,1,VP
224,1,1,VP
225,-1,-1,VN
226,-1,-1,VN
227,-1,-1,VN
228,-1,-1,VN
229,1,1,VP
230,1,1,VP
231,1,1,VP
232,1,1,VP
233,1,1,VP
234,1,1,VP
235,1,1,VP
236,-1,-1,VN
237,-1,-1,VN
238,1,-1,FP
239,1,1,VP
240,1,1,VP
241,-1,-1,VN
242,1,1,VP
243,1,1,VP
244,1,1,VP
245,1,1,VP
246,1,1,VP
247,-1,-1,VN
248,-1,-1,VN
249,-1,-1,VN
250,1,1,VP
251,-1,-1,VN
252,1,1,VP
253,1,1,VP
254,-1,-1,VN
255,1,1,VP
256,1,-1,FP
257,1,1,VP
258,1,1,VP
259,-1,-1,VN
260,1,1,VP
261,-1,-1,VN
262,1,1,VP
263,1,-1,FP
264,1,1,VP
265,1,1,VP
266,-1,-1,VN
267,1,1,VP
268,-1,-1,VN
269,-1,-1,VN
270,-1,-1,VN
271,-1,-1,VN
272,1,1,VP
273,-1,-1,VN
274,-1,-1,VN
275,-1,-1,VN
276,1,1,VP
277,1,1,VP
278,1,1,VP
279,1,1,VP
280,1,1,VP
281,-1,-1,VN
282,1,1,VP
283,-1,-1,VN
284,1,1,VP
285,1,-1,FP
286,-1,-1,VN
287,-1,1,FN
288,1,1,VP
289,1,1,VP
290,1,1,VP
291,-1,-1,VN
292,-1,-1,VN
293,1,1,VP
294,1,1,VP
295,1,1,VP
296,-1,-1,VN
297,-1,-1,VN
298,-1,-1,VN
299,-1,-1,VN
300,1,1,VP
301,-1,-1,VN
302,-1,-1,VN
303,-1,-1,VN
304,-1,-1,VN
305,-1,-1,VN
306,1,1,VP
307,1,1,VP
308,-1,-1,VN
309,-1,-1,VN
310,1,1,VP
311,1,1,VP
312,-1,-1,VN
313,1,1,VP
314,1,1,VP
315,-1,-1,VN
316,1,1,VP
317,-1,-1,VN
318,1,1,VP
319,-1,-1,VN
320,-1,-1,VN
321,1,1,VP
322,1,1,VP
323,-1,-1,VN
324,1,1,VP
325,-1,-1,VN
326,1,1,VP
327,1,1,VP
328,1,1,VP
329,-1,-1,VN
330,1,1,VP
331,-1,-1,VN
332,-1,-1,VN
333,1,1,VP
334,1,1,VP
335,1,1,VP
336,1,1,VP
337,1,1,VP
338,1,1,VP
339,1,1,VP
340,1,1,VP
341,-1,-1,VN
342,1,1,VP
343,1,1,VP
344,1,1,VP
345,1,1,VP
346,1,1,VP
347,-1,-1,VN
348,-1,-1,VN
349,1,1,VP
350,1,1,VP
351,1,1,VP
352,1,1,VP
353,-1,-1,VN
354,1,1,VP
355,1,1,VP
356,1,1,VP
357,1,1,VP
358,-1,-1,VN
359,1,1,VP
360,1,1,VP
361,-1,-1,VN
362,-1,-1,VN
363,1,1,VP
364,-1,-1,VN
365,1,-1,FP
366,-1,-1,VN
367,1,1,VP
368,-1,-1,VN
369,-1,-1,VN
370,1,1,VP
371,1,-1,FP
372,-1,-1,VN
373,1,1,VP
374,1,1,VP
375,1,1,VP
376,-1,-1,VN
377,-1,-1,VN
378,-1,1,FN
379,-1,-1,VN
380,-1,-1,VN
381,1,-1,FP
382,1,1,VP
383,1,1,VP
384,1,1,VP
385,-1,-1,VN
386,1,1,VP
387,1,1,VP
388,-1,-1,VN
389,1,1,VP
390,-1,-1,VN
391,1,1,VP
392,-1,-1,VN
393,-1,-1,VN
394,-1,-1,VN
395,1,1,VP
396,1,1,VP
397,1,1,VP
398,-1,-1,VN
399,1,1,VP
400,1,1,VP
401,-1,-1,VN
402,1,1,VP
403,1,1,VP
404,-1,-1,VN
405,-1,-1,VN
406,-1,-1,VN
407,-1,-1,VN
408,-1,-1,VN
409,-1,-1,VN
410,-1,-1,VN
411,-1,-1,VN
412,1,1,VP
413,1,1,VP
414,1,1,VP
415,1,1,VP
416,1,1,VP
417,1,1,VP
418,-1,-1,VN
419,-1,-1,VN
420,1,1,VP
421,1,1,VP
422,1,1,VP
423,1,1,VP
424,1,1,VP
425,1,1,VP
426,1,1,VP
427,-1,1,FN
428,1,1,VP
429,1,1,VP
430,-1,-1,VN
431,-1,-1,VN
432,1,1,VP
433,1,1,VP
434,-1,-1,VN
435,1,1,VP
436,1,1,VP
437,1,1,VP
438,1,1,VP
439,1,1,VP
440,1,1,VP
441,-1,-1,VN
442,-1,-1,VN
443,1,1,VP
444,-1,-1,VN
445,1,1,VP
446,1,1,VP
447,-1,-1,VN
448,1,1,VP
449,1,1,VP
450,1,1,VP
451,-1,-1,VN
452,-1,-1,VN
453,-1,-1,VN
454,1,1,VP
455,-1,-1,VN
456,-1,-1,VN
457,-1,-1,VN
458,1,1,VP
459,-1,1,FN
460,-1,-1,VN
461,-1,-1,VN
462,-1,-1,VN
463,1,1,VP
464,1,1,VP
465,-1,-1,VN
466,1,1,VP
467,-1,-1,VN
468,1,1,VP
469,-1,-1,VN
470,-1,-1,VN
471,1,1,VP
472,1,1,VP
473,1,1,VP
474,1,1,VP
475,1,1,VP
476,1,1,VP
477,-1,-1,VN
478,-1,-1,VN
479,1,1,VP
480,-1,-1,VN
481,1,1,VP
482,-1,-1,VN
483,-1,-1,VN
484,1,1,VP
485,1,1,VP
486,1,1,VP
487,1,1,VP
488,1,1,VP
489,1,1,VP
490,-1,-1,VN
491,1,1,VP
492,-1,-1,VN
493,-1,-1,VN
494,1,1,VP
495,1,1,VP
496,-1,-1,VN
497,-1,-1,VN
498,-1,-1,VN
499,-1,-1,VN
500,1,1,VP
501,-1,-1,VN
502,-1,-1,VN
503,1,1,VP
504,1,1,VP
505,-1,1,FN
506,-1,-1,VN
507,-1,-1,VN
508,-1,-1,VN
509,-1,-1,VN
510,1,1,VP
511,1,1,VP
512,-1,-1,VN
513,-1,-1,VN
514,1,1,VP
515,-1,-1,VN
516,1,1,VP
517,-1,-1,VN
518,1,1,VP
519,-1,-1,VN
520,-1,-1,VN
521,-1,-1,VN
522,-1,-1,VN
523,1,1,VP
524,1,1,VP
525,1,1,VP
526,-1,-1,VN
527,1,1,VP
528,1,1,VP
529,-1,-1,VN
530,1,1,VP
531,-1,-1,VN
532,1,1,VP
533,1,1,VP
534,1,1,VP
535,-1,-1,VN
536,-1,-1,VN
537,1,1,VP
538,1,1,VP
539,1,1,VP
540,-1,-1,VN
541,1,1,VP
542,-1,-1,VN
543,1,1,VP
544,1,1,VP
545,-1,-1,VN
546,-1,-1,VN
547,-1,-1,VN
548,-1,-1,VN
549,1,1,VP
550,1,1,VP
551,1,1,VP
552,1,1,VP
553,-1,-1,VN
554,-1,-1,VN
555,1,1,VP
556,1,1,VP
557,-1,-1,VN
558,1,1,VP
559,1,1,VP
560,1,1,VP
561,1,1,VP
562,1,1,VP
563,1,1,VP
564,-1,-1,VN
565,1,-1,FP
566,-1,-1,VN
567,1,1,VP
568,1,1,VP
569,1,1,VP
570,-1,-1,VN
571,-1,-1,VN
572,1,1,VP
573,1,1,VP
574,1,1,VP
575,-1,-1,VN
576,-1,-1,VN
577,1,1,VP
578,-1,1,FN
579,-1,-1,VN
580,-1,-1,VN
581,1,1,VP
582,1,1,VP
583,1,1,VP
584,1,1,VP
585,-1,-1,VN
586,-1,-1,VN
587,-1,-1,VN
588,-1,-1,VN
589,-1,-1,VN
590,1,1,VP
591,-1,-1,VN
592,1,1,VP
593,-1,-1,VN
594,1,1,VP
595,-1,-1,VN
596,-1,-1,VN
597,1,1,VP
598,1,1,VP
599,1,1,VP
600,1,1,VP
601,-1,-1,VN
602,1,1,VP
603,-1,-1,VN
604,-1,-1,VN
605,1,1,VP
606,1,1,VP
607,1,1,VP
608,1,1,VP
609,1,1,VP
610,-1,-1,VN
611,1,1,VP
612,1,1,VP
613,1,1,VP
614,1,1,VP
615,-1,-1,VN
616,1,1,VP
617,1,1,VP
618,1,1,VP
619,-1,-1,VN
620,1,1,VP
621,1,1,VP
622,1,1,VP
623,1,1,VP
624,-1,-1,VN
625,-1,-1,VN
626,1,1,VP
627,-1,-1,VN
628,1,1,VP
629,1,1,VP
630,1,1,VP
631,1,1,VP
632,1,1,VP
633,-1,-1,VN
634,1,1,VP
635,-1,-1,VN
636,1,1,VP
637,-1,-1,VN
638,-1,-1,VN
639,1,1,VP
640,1,1,VP
641,-1,-1,VN
642,1,1,VP
643,1,1,VP
644,-1,-1,VN
645,-1,-1,VN
646,1,1,VP
647,1,1,VP
648,-1,-1,VN
649,1,-1,FP
650,1,1,VP
651,-1,-1,VN
652,-1,-1,VN
653,1,1,VP
654,1,1,VP
655,-1,-1,VN
656,1,1,VP
657,-1,-1,VN
658,1,1,VP
659,1,1,VP
660,-1,-1,VN
661,1,1,VP
662,1,1,VP
663,1,1,VP
664,-1,-1,VN
665,1,1,VP
666,-1,-1,VN
667,1,1,VP
668,-1,-1,VN
669,1,1,VP
670,1,1,VP
671,-1,-1,VN
672,-1,-1,VN
673,1,1,VP
674,1,-1,FP
675,-1,-1,VN
676,1,1,VP
677,-1,-1,VN
678,1,1,VP
679,1,1,VP
680,1,1,VP
681,-1,-1,VN
682,1,1,VP
683,1,1,VP
684,1,1,VP
685,-1,-1,VN
686,1,1,VP
687,-1,-1,VN
688,1,1,VP
689,1,1,VP
690,1,1,VP
691,-1,-1,VN
692,1,1,VP
693,1,1,VP
694,1,1,VP
695,1,1,VP
696,-1,-1,VN
697,1,1,VP
698,1,1,VP
699,-1,-1,VN
700,1,1,VP
701,-1,-1,VN
702,1,1,VP
703,1,1,VP
704,1,1,VP
705,-1,-1,VN
706,1,1,VP
707,1,1,VP
708,-1,-1,VN
709,-1,-1,VN
710,-1,-1,VN
711,1,1,VP
712,-1,-1,VN
713,1,1,VP
714,1,1,VP
715,-1,-1,VN
716,-1,-1,VN
717,1,1,VP
718,-1,-1,VN
719,1,1,VP
720,-1,-1,VN
721,-1,-1,VN
722,1,1,VP
723,1,1,VP
724,1,1,VP
725,1,1,VP
726,-1,-1,VN
727,1,-1,FP
728,1,-1,FP
729,1,1,VP
730,1,1,VP
731,-1,-1,VN
732,1,1,VP
733,1,1,VP
734,-1,-1,VN
735,1,1,VP
736,-1,-1,VN
737,1,1,VP
738,1,1,VP
739,-1,-1,VN
740,1,1,VP
741,1,1,VP
742,1,1,VP
743,1,1,VP
744,1,1,VP
745,-1,-1,VN
746,1,1,VP
747,1,1,VP
748,1,1,VP
749,-1,-1,VN
750,-1,-1,VN
751,1,1,VP
752,1,1,VP
753,1,1,VP
754,-1,-1,VN
755,1,1,VP
756,1,1,VP
757,-1,-1,VN
758,-1,-1,VN
759,1,1,VP
760,1,1,VP
761,1,1,VP
762,1,1,VP
763,-1,-1,VN
764,1,1,VP
765,1,-1,FP
766,1,1,VP
767,1,1,VP
768,1,1,VP
769,-1,1,FN
770,1,1,VP
771,1,1,VP
772,-1,-1,VN
773,1,1,VP
774,1,1,VP
775,1,1,VP
776,1,-1,FP
777,1,1,VP
778,1,-1,FP
779,1,1,VP
780,1,1,VP
781,-1,-1,VN
782,-1,1,FN
783,-1,-1,VN
784,-1,-1,VN
785,1,1,VP
786,1,1,VP
787,-1,-1,VN
788,-1,-1,VN
789,1,1,VP
790,1,1,VP
791,1,1,VP
792,-1,-1,VN
793,1,1,VP
794,1,1,VP
795,-1,-1,VN
796,1,1,VP
797,1,1,VP
798,1,-1,FP
799,1,1,VP
800,-1,-1,VN
801,1,1,VP
802,1,1,VP
803,1,1,VP
804,1,1,VP
805,1,1,VP
806,1,1,VP
807,-1,-1,VN
808,1,1,VP
809,-1,-1,VN
810,-1,-1,VN
811,1,1,VP
812,1,1,VP
813,1,1,VP
814,1,-1,FP
815,-1,-1,VN
816,-1,-1,VN
817,1,1,VP
818,-1,-1,VN
819,1,1,VP
820,-1,-1,VN
821,1,1,VP
822,1,-1,FP
823,-1,-1,VN
824,1,1,VP
825,1,1,VP
826,1,1,VP
827,-1,-1,VN
828,1,1,VP
829,1,1,VP
830,1,1,VP
831,1,1,VP
832,1,1,VP
833,1,1,VP
834,1,1,VP
835,-1,-1,VN
836,1,1,VP
837,1,1,VP
838,1,1,VP
839,1,-1,FP
840,1,1,VP
841,-1,-1,VN
842,1,1,VP
843,1,1,VP
844,-1,-1,VN
845,-1,-1,VN
846,1,1,VP
847,1,1,VP
848,1,1,VP
849,1,1,VP
850,1,1,VP
851,1,1,VP
852,-1,-1,VN
853,1,1,VP
854,-1,-1,VN
855,-1,-1,VN
856,-1,-1,VN
857,1,1,VP
858,1,1,VP
859,-1,-1,VN
860,1,1,VP
861,1,1,VP
862,1,1,VP
863,-1,-1,VN
864,1,1,VP
865,1,1,VP
866,1,1,VP
867,-1,-1,VN
868,1,1,VP
869,-1,-1,VN
870,-1,-1,VN
871,1,1,VP
872,-1,-1,VN
873,-1,-1,VN
874,1,1,VP
875,-1,-1,VN
876,1,1,VP
877,-1,-1,VN
878,1,1,VP
879,-1,-1,VN
880,-1,-1,VN
881,-1,-1,VN
882,1,1,VP
883,-1,-1,VN
884,1,1,VP
885,1,-1,FP
886,-1,1,FN
887,1,1,VP
888,1,1,VP
889,1,1,VP
890,1,1,VP
891,1,1,VP
892,-1,-1,VN
893,1,1,VP
894,1,1,VP
895,1,1,VP
896,1,1,VP
897,1,1,VP
898,1,1,VP
899,-1,-1,VN
900,1,1,VP
901,-1,-1,VN
902,1,1,VP
903,1,1,VP
904,1,1,VP
905,-1,-1,VN
906,-1,-1,VN
907,-1,-1,VN
908,1,1,VP
909,1,1,VP
910,1,1,VP
911,-1,-1,VN
912,1,1,VP
913,1,1,VP
914,-1,-1,VN
915,1,1,VP
916,-1,-1,VN
917,-1,-1,VN
918,1,1,VP
919,1,1,VP
920,1,1,VP
921,-1,-1,VN
922,1,1,VP
923,1,-1,FP
924,1,1,VP
925,1,-1,FP
926,-1,-1,VN
927,-1,-1,VN
928,-1,-1,VN
929,1,1,VP
930,-1,-1,VN
931,-1,-1,VN
932,1,1,VP
933,1,1,VP
934,-1,-1,VN
935,1,1,VP
936,-1,-1,VN
937,1,1,VP
938,1,1,VP
939,-1,-1,VN
940,-1,-1,VN
941,1,1,VP
942,1,1,VP
943,1,1,VP
944,-1,-1,VN
945,1,1,VP
946,1,1,VP
947,1,-1,FP
948,-1,-1,VN
949,1,1,VP
950,1,1,VP
951,-1,-1,VN
952,1,1,VP
953,-1,-1,VN
954,1,1,VP
955,1,1,VP
956,1,1,VP
957,1,1,VP
958,1,1,VP
959,-1,-1,VN
960,-1,-1,VN
961,1,1,VP
962,-1,-1,VN
963,1,-1,FP
964,1,1,VP
965,1,-1,FP
966,1,1,VP
967,-1,-1,VN
968,1,1,VP
969,1,1,VP
970,1,1,VP
971,1,1,VP
972,-1,-1,VN
973,1,1,VP
974,1,1,VP
975,1,1,VP
976,1,1,VP
977,1,1,VP
978,-1,-1,VN
979,1,1,VP
980,-1,-1,VN
981,1,1,VP
982,1,1,VP
983,1,1,VP
984,1,1,VP
985,1,1,VP
986,-1,-1,VN
987,-1,-1,VN
988,1,1,VP
989,1,1,VP
990,1,1,VP
991,-1,-1,VN
992,-1,-1,VN
993,1,1,VP
994,1,1,VP
995,1,1,VP
996,1,1,VP
997,1,1,VP
998,-1,-1,VN
999,1,1,VP
1000,1,1,VP
1001,1,1,VP
1002,-1,-1,VN
1003,-1,-1,VN
1004,1,1,VP
1005,-1,-1,VN
1006,-1,-1,VN
1007,-1,-1,VN
1008,-1,-1,VN
1009,1,1,VP
1010,-1,-1,VN
1011,1,1,VP
1012,1,-1,FP
1013,1,1,VP
1014,1,1,VP
1015,1,1,VP
1016,-1,-1,VN
1017,1,1,VP
1018,-1,-1,VN
1019,-1,-1,VN
1020,1,-1,FP
1021,-1,-1,VN
1022,1,1,VP
1023,1,1,VP
1024,1,1,VP
1025,-1,-1,VN
1026,1,1,VP
1027,-1,-1,VN
1028,1,1,VP
1029,1,1,VP
1030,1,1,VP
1031,1,1,VP
1032,-1,-1,VN
1033,1,1,VP
1034,-1,-1,VN
1035,-1,-1,VN
1036,1,1,VP
1037,1,1,VP
1038,1,1,VP
1039,-1,-1,VN
1040,-1,-1,VN
1041,1,1,VP
1042,-1,-1,VN
1043,-1,-1,VN
1044,1,1,VP
1045,1,1,VP
1046,1,1,VP
1047,1,1,VP
1048,1,1,VP
1049,1,1,VP
1050,-1,-1,VN
1051,1,1,VP
1052,-1,-1,VN
1053,1,1,VP
1054,1,1,VP
1055,-1,-1,VN
1056,1,1,VP
1057,-1,-1,VN
1058,1,1,VP
1059,1,1,VP
1060,-1,-1,VN
1061,-1,-1,VN
1062,-1,-1,VN
1063,1,1,VP
1064,1,1,VP
1065,1,1,VP
1066,1,1,VP
1067,1,1,VP
1068,-1,-1,VN
1069,-1,-1,VN
1070,1,1,VP
1071,1,1,VP
1072,-1,-1,VN
1073,-1,-1,VN
1074,-1,-1,VN
1075,1,1,VP
1076,1,1,VP
1077,1,1,VP
1078,1,1,VP
1079,1,1,VP
1080,1,1,VP
1081,1,-1,FP
1082,1,1,VP
1083,-1,-1,VN
1084,1,1,VP
1085,-1,-1,VN
1086,1,1,VP
1087,-1,-1,VN
1088,-1,-1,VN
1089,1,1,VP
1090,-1,-1,VN
1091,1,1,VP
1092,1,1,VP
1093,1,1,VP
1094,1,1,VP
1095,1,1,VP
1096,1,1,VP
1097,1,1,VP
1098,1,1,VP
1099,1,1,VP
1100,1,1,VP
1101,1,1,VP
1102,-1,-1,VN
1103,-1,-1,VN
1104,1,1,VP
1105,-1,-1,VN
1106,1,-1,FP
1107,1,1,VP
1108,1,1,VP
1109,1,1,VP
1110,1,1,VP
1111,-1,-1,VN
1112,1,1,VP
1113,1,1,VP
1114,-1,-1,VN
1115,1,1,VP
1116,1,1,VP
1117,1,1,VP
1118,-1,-1,VN
1119,1,-1,FP
1120,1,1,VP
1121,-1,-1,VN
1122,-1,-1,VN
1123,1,1,VP
1124,-1,-1,VN
1125,1,1,VP
1126,-1,-1,VN
1127,-1,-1,VN
1128,1,1,VP
1129,-1,-1,VN
1130,1,1,VP
1131,-1,-1,VN
1132,-1,1,FN
1133,-1,-1,VN
1134,1,1,VP
1135,1,1,VP
1136,1,1,VP
1137,-1,-1,VN
1138,1,1,VP
1139,-1,-1,VN
1140,1,1,VP
1141,1,1,VP
1142,-1,-1,VN
1143,-1,-1,VN
1144,1,1,VP
1145,1,1,VP
1146,1,1,VP
1147,1,1,VP
1148,1,1,VP
1149,-1,-1,VN
1150,1,1,VP
1151,1,1,VP
1152,1,1,VP
1153,1,1,VP
1154,1,1,VP
1155,1,1,VP
1156,-1,-1,VN
1157,-1,-1,VN
1158,1,1,VP
1159,-1,-1,VN
1160,-1,-1,VN
1161,1,-1,FP
1162,1,1,VP
1163,-1,-1,VN
1164,1,1,VP
1165,-1,-1,VN
1166,-1,-1,VN
1167,-1,-1,VN
1168,1,1,VP
1169,1,1,VP
1170,1,1,VP
1171,-1,-1,VN
1172,-1,-1,VN
1173,1,1,VP
1174,1,1,VP
1175,1,1,VP
1176,1,1,VP
1177,1,1,VP
1178,1,1,VP
1179,1,1,VP
1180,-1,-1,VN
1181,-1,-1,VN
1182,1,-1,FP
1183,1,1,VP
1184,-1,-1,VN
1185,-1,-1,VN
1186,-1,-1,VN
1187,1,1,VP
1188,1,1,VP
1189,1,1,VP
1190,1,1,VP
1191,-1,-1,VN
1192,1,1,VP
1193,1,1,VP
1194,1,1,VP
1195,1,1,VP
1196,1,-1,FP
1197,-1,-1,VN
1198,1,1,VP
1199,1,1,VP
1200,1,1,VP
1201,-1,-1,VN
1202,-1,-1,VN
1203,-1,-1,VN
1204,1,1,VP
1205,-1,-1,VN
1206,-1,-1,VN
1207,1,1,VP
1208,-1,-1,VN
1209,1,1,VP
1210,-1,-1,VN
1211,-1,-1,VN
1212,1,1,VP
1213,1,-1,FP
1214,-1,-1,VN
1215,1,1,VP
1216,1,1,VP
1217,1,1,VP
1218,-1,-1,VN
1219,1,1,VP
1220,1,1,VP
1221,1,1,VP
1222,-1,-1,VN
1223,-1,-1,VN
1224,1,1,VP
1225,1,1,VP
1226,-1,-1,VN
1227,1,1,VP
1228,-1,-1,VN
1229,1,1,VP
1230,1,1,VP
1231,1,1,VP
1232,1,1,VP
1233,-1,-1,VN
1234,-1,-1,VN
1235,1,1,VP
1236,-1,-1,VN
1237,1,1,VP
1238,-1,-1,VN
1239,-1,-1,VN
1240,1,1,VP
1241,1,1,VP
1242,-1,-1,VN
1243,-1,-1,VN
1244,1,1,VP
1245,1,1,VP
1246,1,1,VP
1247,1,1,VP
1248,-1,-1,VN
1249,1,1,VP
1250,-1,-1,VN
1251,1,1,VP
1252,1,1,VP
1253,1,1,VP
1254,1,1,VP
1255,1,1,VP
1256,1,1,VP
1257,1,1,VP
1258,-1,-1,VN
1259,1,1,VP
1260,1,1,VP
1261,1,1,VP
1262,1,1,VP
1263,-1,-1,VN
1264,-1,-1,VN
1265,1,1,VP
1266,-1,-1,VN
1267,1,1,VP
1268,1,1,VP
1269,-1,-1,VN
1270,-1,-1,VN
1271,1,1,VP
1272,1,1,VP
1273,-1,-1,VN
1274,1,1,VP
1275,-1,-1,VN
1276,1,1,VP
1277,-1,-1,VN
1278,-1,-1,VN
1279,1,1,VP
1280,-1,-1,VN
1281,-1,-1,VN
1282,1,1,VP
1283,1,1,VP
1284,-1,-1,VN
1285,-1,-1,VN
1286,-1,-1,VN
1287,1,1,VP
1288,1,1,VP
1289,1,1,VP
1290,-1,-1,VN
1291,-1,-1,VN
1292,1,1,VP
1293,-1,-1,VN
1294,-1,-1,VN
1295,1,1,VP
1296,1,1,VP
1297,-1,-1,VN
1298,1,1,VP
1299,-1,-1,VN
1300,1,1,VP
1301,-1,-1,VN
1302,1,1,VP
1303,-1,-1,VN
1304,-1,-1,VN
1305,-1,-1,VN
1306,1,1,VP
1307,-1,-1,VN
1308,1,1,VP
1309,-1,-1,VN
1310,1,1,VP
1311,1,1,VP
1312,-1,-1,VN
1313,1,1,VP
1314,1,1,VP
1315,1,1,VP
1316,1,1,VP
1317,1,1,VP
1318,1,1,VP
1319,-1,-1,VN
1320,1,1,VP
1321,-1,-1,VN
1322,1,1,VP
1323,-1,-1,VN
1324,1,1,VP
1325,-1,-1,VN
1326,1,1,VP
1327,1,1,VP
1328,-1,-1,VN
1329,-1,-1,VN
1330,1,1,VP
1331,-1,-1,VN
1332,1,1,VP
1333,1,1,VP
1334,1,1,VP
1335,-1,-1,VN
1336,-1,-1,VN
1337,-1,-1,VN
1338,1,1,VP
1339,1,1,VP
1340,1,1,VP
1341,-1,-1,VN
1342,-1,-1,VN
1343,1,1,VP
1344,1,1,VP
1345,-1,-1,VN
1346,1,1,VP
1347,1,1,VP
1348,-1,-1,VN
1349,-1,-1,VN
1350,1,1,VP
1351,1,1,VP
1352,-1,-1,VN
1353,-1,-1,VN
1354,1,1,VP
1355,-1,-1,VN
1356,-1,-1,VN
1357,1,1,VP
1358,1,1,VP
1359,-1,-1,VN
1360,-1,-1,VN
1361,-1,-1,VN
1362,1,1,VP
1363,-1,-1,VN
1364,1,1,VP
1365,1,1,VP
1366,-1,-1,VN
1367,-1,-1,VN
1368,-1,-1,VN
1369,1,1,VP
1370,1,1,VP
1371,-1,-1,VN
1372,-1,-1,VN
1373,-1,-1,VN
1374,-1,-1,VN
1375,1,1,VP
1376,1,1,VP
1377,1,1,VP
1378,1,1,VP
1379,1,1,VP
1380,1,1,VP
1381,1,-1,FP
1382,-1,-1,VN
1383,1,1,VP
1384,1,-1,FP
1385,-1,-1,VN
1386,-1,-1,VN
1387,1,1,VP
1388,1,1,VP
1389,1,-1,FP
1390,-1,-1,VN
1391,-1,-1,VN
1392,1,1,VP
1393,-1,-1,VN
1394,-1,-1,VN
1395,1,1,VP
1396,1,1,VP
1397,-1,-1,VN
1398,-1,-1,VN
1399,-1,-1,VN
1400,1,1,VP
1401,-1,-1,VN
1402,-1,-1,VN
1403,1,1,VP
1404,1,1,VP
1405,-1,-1,VN
1406,1,1,VP
1407,1,1,VP
1408,-1,-1,VN
1409,1,1,VP
1410,1,1,VP
1411,-1,-1,VN
1412,-1,-1,VN
1413,-1,-1,VN
1414,1,1,VP
1415,1,1,VP
1416,-1,-1,VN
1417,-1,-1,VN
1418,1,1,VP
1419,1,-1,FP
1420,1,1,VP
1421,1,1,VP
1422,1,1,VP
1423,1,1,VP
1424,-1,-1,VN
1425,-1,-1,VN
1426,-1,-1,VN
1427,-1,-1,VN
1428,1,1,VP
1429,1,1,VP
1430,-1,-1,VN
1431,-1,-1,VN
1432,1,1,VP
1433,-1,-1,VN
1434,1,1,VP
1435,-1,-1,VN
1436,-1,-1,VN
1437,1,1,VP
1438,1,1,VP
1439,1,1,VP
1440,1,1,VP
1441,-1,-1,VN
1442,1,1,VP
1443,1,1,VP
1444,-1,-1,VN
1445,1,1,VP
1446,1,1,VP
1447,-1,-1,VN
1448,-1,-1,VN
1449,1,1,VP
1450,1,1,VP
1451,1,1,VP
1452,1,1,VP
1453,1,1,VP
1454,-1,-1,VN
1455,1,1,VP
1456,-1,-1,VN
1457,1,1,VP
1458,-1,-1,VN
1459,-1,-1,VN
1460,1,1,VP
1461,1,1,VP
1462,1,1,VP
1463,1,1,VP
1464,-1,-1,VN
1465,-1,-1,VN
1466,1,1,VP
1467,1,1,VP
1468,-1,-1,VN
1469,1,1,VP
1470,1,1,VP
1471,1,1,VP
1472,1,1,VP
1473,1,-1,FP
1474,-1,-1,VN
1475,-1,-1,VN
1476,1,1,VP
1477,1,1,VP
1478,1,1,VP
1479,-1,-1,VN
1480,1,1,VP
1481,1,1,VP
1482,-1,-1,VN
1483,1,1,VP
1484,1,1,VP
1485,1,1,VP
1486,1,1,VP
1487,1,1,VP
1488,1,1,VP
1489,-1,-1,VN
1490,-1,-1,VN
1491,1,-1,FP
1492,1,1,VP
1493,-1,-1,VN
1494,-1,-1,VN
1495,1,-1,FP
1496,1,1,VP
1497,1,1,VP
1498,1,1,VP
1499,1,1,VP
1500,-1,-1,VN
1501,1,1,VP
1502,-1,-1,VN
1503,1,1,VP
1504,1,1,VP
1505,-1,-1,VN
1506,1,1,VP
1507,-1,-1,VN
1508,-1,-1,VN
1509,1,1,VP
1510,-1,-1,VN
1511,-1,-1,VN
1512,-1,-1,VN
1513,-1,-1,VN
1514,-1,-1,VN
1515,-1,-1,VN
1516,-1,-1,VN
1517,1,1,VP
1518,-1,-1,VN
1519,-1,-1,VN
1520,-1,-1,VN
1521,1,1,VP
1522,1,1,VP
1523,1,1,VP
1524,1,1,VP
1525,-1,-1,VN
1526,1,1,VP
1527,1,1,VP
1528,1,1,VP
1529,-1,-1,VN
1530,1,1,VP
1531,1,1,VP
1532,1,1,VP
1533,-1,-1,VN
1534,1,1,VP
1535,-1,-1,VN
1536,1,1,VP
1537,1,1,VP
1538,1,1,VP
1539,1,-1,FP
1540,-1,-1,VN
1541,1,1,VP
1542,-1,-1,VN
1543,1,1,VP
1544,1,1,VP
1545,-1,-1,VN
1546,-1,-1,VN
1547,1,1,VP
1548,1,1,VP
1549,1,1,VP
1550,1,1,VP
1551,1,1,VP
1552,-1,-1,VN
1553,1,1,VP
1554,1,1,VP
1555,-1,-1,VN
1556,1,1,VP
1557,1,1,VP
1558,1,1,VP
1559,-1,-1,VN
1560,-1,-1,VN
1561,1,1,VP
1562,1,1,VP
1563,1,1,VP
1564,-1,-1,VN
1565,-1,-1,VN
1566,-1,-1,VN
1567,1,1,VP
1568,1,-1,FP
1569,1,1,VP
1570,1,1,VP
1571,1,1,VP
1572,-1,-1,VN
1573,-1,-1,VN
1574,1,1,VP
1575,1,1,VP
1576,-1,-1,VN
1577,1,-1,FP
1578,-1,-1,VN
1579,1,1,VP
1580,-1,-1,VN
1581,-1,-1,VN
1582,1,1,VP
1583,1,1,VP
1584,1,1,VP
1585,1,1,VP
1586,-1,-1,VN
1587,1,1,VP
1588,1,1,VP
1589,1,1,VP
1590,1,1,VP
1591,-1,-1,VN
1592,1,1,VP
1593,1,1,VP
1594,1,1,VP
1595,1,1,VP
1596,1,1,VP
1597,1,-1,FP
1598,1,1,VP
1599,-1,-1,VN
1600,1,1,VP
1601,1,1,VP
1602,1,1,VP
1603,-1,-1,VN
1604,1,1,VP
1605,1,1,VP
1606,1,1,VP
1607,1,1,VP
1608,1,1,VP
1609,-1,-1,VN
1610,1,1,VP
1611,-1,-1,VN
1612,-1,1,FN
1613,1,1,VP
1614,1,1,VP
1615,1,1,VP
1616,1,1,VP
1617,1,1,VP
1618,-1,-1,VN
1619,-1,-1,VN
1620,-1,-1,VN
1621,1,1,VP
1622,-1,-1,VN
1623,1,1,VP
1624,1,1,VP
1625,1,1,VP
1626,1,1,VP
1627,-1,-1,VN
1628,1,1,VP
1629,1,1,VP
1630,1,1,VP
1631,-1,-1,VN
1632,1,1,VP
1633,1,1,VP
1634,-1,-1,VN
1635,-1,-1,VN
1636,-1,-1,VN
1637,1,1,VP
1638,1,1,VP
1639,-1,-1,VN
1640,1,1,VP
1641,-1,-1,VN
1642,-1,-1,VN
1643,1,1,VP
1644,1,1,VP
1645,-1,-1,VN
1646,1,1,VP
1647,-1,-1,VN
1648,1,1,VP
1649,-1,-1,VN
1650,-1,-1,VN
1651,1,1,VP
1652,1,1,VP
1653,1,1,VP
1654,1,1,VP
1655,1,1,VP
1656,-1,-1,VN
1657,-1,-1,VN
1658,1,1,VP
1659,1,-1,FP
1660,1,1,VP
1661,-1,-1,VN
1662,-1,-1,VN
1663,-1,-1,VN
1664,-1,-1,VN
1665,1,1,VP
1666,-1,-1,VN
1667,-1,-1,VN
1668,1,1,VP
1669,1,1,VP
1670,1,1,VP
1671,1,1,VP
1672,-1,-1,VN
1673,1,1,VP
1674,-1,-1,VN
1675,-1,-1,VN
1676,1,1,VP
1677,1,1,VP
1678,1,1,VP
1679,-1,-1,VN
1680,-1,-1,VN
1681,1,1,VP
1682,1,1,VP
1683,1,1,VP
1684,1,1,VP
1685,-1,-1,VN
1686,1,1,VP
1687,1,1,VP
1688,1,1,VP
1689,-1,-1,VN
1690,-1,-1,VN
1691,1,1,VP
1692,1,1,VP
1693,-1,-1,VN
1694,1,1,VP
1695,1,1,VP
1696,1,1,VP
1697,1,-1,FP
1698,1,1,VP
1699,-1,-1,VN
1700,-1,-1,VN
1701,-1,-1,VN
1702,-1,-1,VN
1703,1,1,VP
1704,-1,1,FN
1705,1,1,VP
1706,-1,-1,VN
1707,1,1,VP
1708,1,1,VP
1709,1,1,VP
1710,1,1,VP
1711,-1,-1,VN
1712,1,1,VP
1713,1,1,VP
1714,1,1,VP
1715,1,1,VP
1716,-1,-1,VN
1717,-1,-1,VN
1718,1,1,VP
1719,1,1,VP
1720,1,1,VP
1721,1,1,VP
1722,-1,-1,VN
1723,1,1,VP
1724,-1,-1,VN
1725,1,1,VP
1726,-1,-1,VN
1727,1,-1,FP
1728,1,1,VP
1729,1,1,VP
1730,1,1,VP
1731,-1,-1,VN
1732,1,1,VP
1733,-1,-1,VN
1734,1,1,VP
1735,1,1,VP
1736,-1,-1,VN
1737,1,1,VP
1738,1,1,VP
1739,1,1,VP
1740,1,1,VP
1741,1,1,VP
1742,-1,-1,VN
1743,1,1,VP
1744,-1,-1,VN
1745,1,1,VP
1746,1,1,VP
1747,-1,-1,VN
1748,-1,-1,VN
1749,1,1,VP
1750,-1,-1,VN
1751,1,1,VP
1752,-1,-1,VN
1753,1,1,VP
1754,1,1,VP
1755,-1,-1,VN
1756,-1,-1,VN
1757,-1,-1,VN
1758,1,-1,FP
1759,1,1,VP
1760,1,1,VP
1761,-1,-1,VN
1762,1,1,VP
1763,1,1,VP
1764,1,1,VP
1765,1,1,VP
1766,1,1,VP
1767,-1,-1,VN
1768,-1,-1,VN
1769,1,1,VP
1770,-1,-1,VN
1771,1,1,VP
1772,1,1,VP
1773,1,1,VP
1774,1,1,VP
1775,-1,-1,VN
1776,1,1,VP
1777,-1,-1,VN
1778,1,1,VP
1779,1,1,VP
1780,1,1,VP
1781,1,1,VP
1782,1,1,VP
1783,1,1,VP
1784,1,1,VP
1785,1,1,VP
1786,1,1,VP
1787,1,1,VP
1788,-1,-1,VN
1789,1,1,VP
1790,1,1,VP
1791,-1,-1,VN
1792,1,1,VP
1793,-1,-1,VN
1794,1,1,VP
1795,1,1,VP
1796,-1,-1,VN
1797,1,1,VP
1798,1,1,VP
1799,-1,-1,VN
1800,1,1,VP
1801,-1,-1,VN
1802,-1,-1,VN
1803,-1,-1,VN
1804,1,1,VP
1805,-1,-1,VN
1806,1,1,VP
1807,1,1,VP
1808,1,1,VP
1809,-1,-1,VN
1810,1,1,VP
1811,1,1,VP
1812,1,1,VP
1813,1,1,VP
1814,1,1,VP
1815,1,1,VP
1816,-1,-1,VN
1817,-1,-1,VN
1818,1,1,VP
1819,1,1,VP
1820,1,1,VP
1821,1,1,VP
1822,-1,-1,VN
1823,1,1,VP
1824,-1,-1,VN
1825,1,1,VP
1826,-1,-1,VN
1827,-1,-1,VN
1828,-1,-1,VN
1829,-1,-1,VN
1830,1,1,VP
1831,1,1,VP
1832,1,1,VP
1833,-1,-1,VN
1834,1,1,VP
1835,-1,-1,VN
1836,1,1,VP
1837,1,1,VP
1838,1,1,VP
1839,1,1,VP
1840,1,1,VP
1841,1,1,VP
1842,1,1,VP
1843,1,1,VP
1844,1,1,VP
1845,1,1,VP
1846,-1,-1,VN
1847,1,1,VP
1848,1,1,VP
1849,1,1,VP
1850,1,1,VP
1851,1,1,VP
1852,-1,-1,VN
1853,1,1,VP
1854,1,1,VP
1855,1,1,VP
1856,-1,-1,VN
1857,1,1,VP
1858,1,1,VP
1859,1,1,VP
1860,1,1,VP
1861,-1,-1,VN
1862,-1,-1,VN
1863,-1,-1,VN
1864,-1,-1,VN
1865,1,1,VP
1866,1,1,VP
1867,1,1,VP
1868,1,1,VP
1869,-1,-1,VN
1870,-1,-1,VN
1871,-1,-1,VN
1872,1,1,VP
1873,1,1,VP
1874,1,1,VP
1875,1,1,VP
1876,1,1,VP
1877,-1,-1,VN
1878,1,1,VP
1879,-1,-1,VN
1880,1,1,VP
1881,1,1,VP
1882,1,1,VP
1883,1,1,VP
1884,1,1,VP
1885,1,1,VP
1886,-1,-1,VN
1887,-1,-1,VN
1888,1,1,VP
1889,-1,-1,VN
1890,-1,-1,VN
1891,1,1,VP
1892,1,1,VP
1893,1,1,VP
1894,-1,-1,VN
1895,-1,-1,VN
1896,1,1,VP
1897,1,1,VP
1898,1,1,VP
1899,1,1,VP
1900,-1,-1,VN
1901,1,1,VP
1902,-1,-1,VN
1903,1,1,VP
1904,1,1,VP
1905,-1,-1,VN
1906,-1,-1,VN
1907,-1,-1,VN
1908,1,1,VP
1909,1,1,VP
1910,-1,-1,VN
1911,1,1,VP
1912,1,1,VP
1913,1,1,VP
1914,-1,-1,VN
1915,-1,-1,VN
1916,1,1,VP
1917,-1,-1,VN
1918,-1,-1,VN
1919,1,1,VP
1920,-1,-1,VN
1921,1,1,VP
1922,1,1,VP
1923,-1,-1,VN
1924,1,1,VP
1925,1,1,VP
1926,1,-1,FP
1927,1,1,VP
1928,1,1,VP
1929,1,1,VP
1930,-1,-1,VN
1931,1,1,VP
1932,-1,-1,VN
1933,-1,-1,VN
1934,-1,-1,VN
1935,1,1,VP
1936,1,1,VP
1937,1,1,VP
1938,-1,-1,VN
1939,1,1,VP
1940,-1,-1,VN
1941,1,1,VP
1942,-1,-1,VN
1943,-1,-1,VN
1944,-1,-1,VN
1945,1,1,VP
1946,-1,-1,VN
1947,1,1,VP
1948,1,1,VP
1949,-1,-1,VN
1950,1,1,VP
1951,-1,-1,VN
1952,-1,-1,VN
1953,-1,-1,VN
1954,1,1,VP
1955,1,1,VP
1956,1,1,VP
1957,1,1,VP
1958,-1,-1,VN
1959,-1,-1,VN
1960,1,1,VP
1961,1,1,VP
1962,1,1,VP
1963,1,1,VP
1964,1,1,VP
1965,-1,-1,VN
1966,1,1,VP
1967,-1,-1,VN
1968,-1,-1,VN
1969,1,1,VP
1970,1,1,VP
1971,1,1,VP
1972,-1,-1,VN
1973,-1,-1,VN
1974,1,1,VP
1975,-1,-1,VN
1976,1,1,VP
1977,1,1,VP
1978,1,1,VP
1979,-1,-1,VN
1980,1,1,VP
1981,-1,-1,VN
1982,1,1,VP
1983,1,1,VP
1984,-1,-1,VN
1985,1,1,VP
1986,-1,-1,VN
1987,1,1,VP
1988,1,1,VP
1989,-1,-1,VN
1990,-1,-1,VN
1991,1,1,VP
1992,1,1,VP
1993,-1,-1,VN
1994,1,1,VP
1995,1,1,VP
1996,-1,-1,VN
1997,-1,-1,VN
1998,-1,-1,VN
1999,1,1,VP
2000,1,1,VP
2001,-1,-1,VN
2002,1,1,VP
2003,-1,-1,VN
2004,-1,-1,VN
2005,1,1,VP
2006,-1,-1,VN
2007,1,1,VP
2008,1,1,VP
2009,1,1,VP
2010,1,1,VP
2011,-1,-1,VN
2012,1,-1,FP
2013,1,-1,FP
2014,-1,-1,VN
2015,-1,-1,VN
2016,1,-1,FP
2017,-1,-1,VN
2018,1,1,VP
2019,-1,-1,VN
2020,-1,-1,VN
2021,1,1,VP
2022,-1,-1,VN
2023,-1,-1,VN
2024,1,1,VP
2025,-1,-1,VN
2026,-1,-1,VN
2027,1,1,VP
2028,1,1,VP
2029,1,1,VP
2030,-1,-1,VN
2031,-1,-1,VN
2032,1,1,VP
2033,1,1,VP
2034,1,1,VP
2035,1,1,VP
2036,1,1,VP
2037,1,1,VP
2038,1,1,VP
2039,1,1,VP
2040,1,1,VP
2041,-1,-1,VN
2042,-1,-1,VN
2043,1,1,VP
2044,-1,-1,VN
2045,-1,-1,VN
2046,1,1,VP
2047,-1,-1,VN
2048,1,1,VP
2049,-1,-1,VN
2050,1,-1,FP
2051,1,1,VP
2052,1,1,VP
2053,-1,-1,VN
2054,-1,-1,VN
2055,-1,-1,VN
2056,1,1,VP
2057,1,1,VP
2058,-1,-1,VN
2059,-1,-1,VN
2060,1,1,VP
2061,1,1,VP
2062,-1,-1,VN
2063,1,1,VP
2064,-1,-1,VN
2065,-1,-1,VN
2066,-1,-1,VN
2067,1,1,VP
2068,1,1,VP
2069,-1,-1,VN
2070,1,-1,FP
2071,1,-1,FP
2072,-1,-1,VN
2073,1,1,VP
2074,1,1,VP
2075,1,1,VP
2076,1,1,VP
2077,1,1,VP
2078,-1,-1,VN
2079,-1,-1,VN
2080,-1,-1,VN
2081,-1,-1,VN
2082,1,1,VP
2083,-1,-1,VN
2084,1,1,VP
2085,1,1,VP
2086,1,1,VP
2087,1,1,VP
2088,-1,-1,VN
2089,1,1,VP
2090,1,1,VP
2091,1,1,VP
2092,-1,-1,VN
2093,1,1,VP
2094,1,-1,FP
2095,1,1,VP
2096,1,1,VP
2097,1,1,VP
2098,1,1,VP
2099,1,1,VP
2100,1,1,VP
2101,-1,-1,VN
2102,1,1,VP
2103,1,-1,FP
2104,1,1,VP
2105,-1,-1,VN
2106,1,1,VP
2107,-1,-1,VN
2108,1,1,VP
2109,1,1,VP
2110,1,1,VP
2111,1,1,VP
2112,1,1,VP
2113,1,1,VP
2114,-1,-1,VN
2115,1,1,VP
2116,1,1,VP
2117,-1,-1,VN
2118,-1,-1,VN
2119,1,1,VP
2120,1,1,VP
2121,1,1,VP
2122,1,1,VP
2123,-1,-1,VN
2124,1,1,VP
2125,-1,-1,VN
2126,1,1,VP
2127,-1,-1,VN
2128,-1,-1,VN
2129,-1,-1,VN
2130,1,1,VP
2131,1,1,VP
2132,1,1,VP
2133,1,1,VP
2134,-1,-1,VN
2135,1,1,VP
2136,1,1,VP
2137,1,1,VP
2138,-1,-1,VN
2139,1,1,VP
2140,-1,-1,VN
2141,-1,-1,VN
2142,1,1,VP
2143,1,1,VP
2144,-1,-1,VN
2145,1,1,VP
2146,1,1,VP
2147,-1,-1,VN
2148,-1,-1,VN
2149,1,1,VP
2150,1,1,VP
2151,1,1,VP
2152,-1,-1,VN
2153,-1,-1,VN
2154,1,1,VP
2155,1,1,VP
2156,-1,-1,VN
2157,-1,-1,VN
2158,1,1,VP
2159,1,-1,FP
2160,1,1,VP
2161,1,1,VP
2162,1,1,VP
2163,-1,-1,VN
2164,1,1,VP
2165,-1,-1,VN
2166,1,1,VP
2167,1,1,VP
2168,1,1,VP
2169,1,1,VP
2170,-1,-1,VN
2171,-1,-1,VN
2172,-1,-1,VN
2173,1,1,VP
2174,1,1,VP
2175,-1,-1,VN
2176,-1,-1,VN
2177,1,1,VP
2178,1,1,VP
2179,1,1,VP
2180,-1,-1,VN
2181,1,1,VP
2182,1,1,VP
2183,1,1,VP
2184,1,1,VP
2185,-1,-1,VN
2186,-1,-1,VN
2187,1,1,VP
2188,-1,-1,VN
2189,1,1,VP
2190,1,1,VP
2191,-1,-1,VN
2192,1,1,VP
2193,1,1,VP
2194,1,1,VP
2195,1,1,VP
2196,1,1,VP
2197,-1,-1,VN
2198,1,1,VP
2199,-1,-1,VN
2200,1,1,VP
2201,-1,-1,VN
2202,1,1,VP
2203,1,1,VP
2204,-1,-1,VN
2205,1,1,VP
2206,1,1,VP
2207,-1,-1,VN
2208,-1,-1,VN
2209,-1,-1,VN
2210,-1,-1,VN
2211,1,1,VP
2212,1,1,VP
2213,-1,-1,VN
2214,1,1,VP
2215,1,1,VP
2216,1,1,VP
2217,-1,-1,VN
2218,1,1,VP
2219,-1,-1,VN
2220,-1,-1,VN
2221,-1,-1,VN
2222,-1,-1,VN
2223,-1,-1,VN
2224,-1,-1,VN
2225,-1,-1,VN
2226,1,1,VP
2227,1,1,VP
2228,1,1,VP
2229,1,1,VP
2230,-1,-1,VN
2231,-1,-1,VN
2232,1,1,VP
2233,1,1,VP
2234,-1,-1,VN
2235,1,1,VP
2236,1,1,VP
2237,1,1,VP
2238,1,1,VP
2239,1,1,VP
2240,-1,-1,VN
2241,1,1,VP
2242,1,1,VP
2243,1,1,VP
2244,1,1,VP
2245,-1,-1,VN
2246,1,1,VP
2247,-1,-1,VN
2248,1,1,VP
2249,-1,-1,VN
2250,-1,-1,VN
2251,-1,-1,VN
2252,-1,-1,VN
2253,-1,-1,VN
2254,1,1,VP
2255,1,1,VP
2256,1,1,VP
2257,1,1,VP
2258,-1,-1,VN
2259,1,1,VP
2260,-1,-1,VN
2261,1,1,VP
2262,-1,-1,VN
2263,-1,-1,VN
2264,-1,-1,VN
2265,-1,-1,VN
2266,1,1,VP
2267,-1,-1,VN
2268,1,1,VP
2269,-1,-1,VN
2270,1,1,VP
2271,-1,-1,VN
2272,1,1,VP
2273,-1,-1,VN
2274,-1,-1,VN
2275,1,1,VP
2276,-1,-1,VN
2277,1,1,VP
2278,-1,-1,VN
2279,-1,-1,VN
2280,-1,-1,VN
2281,-1,-1,VN
2282,1,1,VP
2283,1,1,VP
2284,1,1,VP
2285,1,1,VP
2286,-1,-1,VN
2287,1,1,VP
2288,-1,-1,VN
2289,1,1,VP
2290,-1,-1,VN
2291,1,1,VP
2292,1,1,VP
2293,-1,-1,VN
2294,1,1,VP
2295,1,-1,FP
2296,-1,-1,VN
2297,-1,-1,VN
2298,-1,-1,VN
2299,-1,-1,VN
2300,-1,-1,VN
2301,1,1,VP
2302,1,1,VP
2303,1,1,VP
2304,-1,-1,VN
2305,1,1,VP
2306,1,1,VP
2307,-1,-1,VN
2308,1,1,VP
2309,-1,-1,VN
2310,1,1,VP
2311,1,1,VP
2312,1,1,VP
2313,-1,-1,VN
2314,-1,-1,VN
2315,-1,-1,VN
2316,1,1,VP
2317,-1,-1,VN
2318,1,1,VP
2319,1,1,VP
2320,1,1,VP
2321,1,1,VP
2322,1,1,VP
2323,-1,-1,VN
2324,-1,-1,VN
2325,-1,-1,VN
2326,1,1,VP
2327,1,1,VP
2328,1,1,VP
2329,-1,-1,VN
2330,1,1,VP
2331,1,1,VP
2332,-1,-1,VN
2333,1,1,VP
2334,-1,-1,VN
2335,-1,-1,VN
2336,1,1,VP
2337,1,1,VP
2338,-1,-1,VN
2339,1,1,VP
2340,1,1,VP
2341,1,1,VP
2342,-1,-1,VN
2343,1,-1,FP
2344,1,1,VP
2345,1,1,VP
2346,1,1,VP
2347,-1,-1,VN
2348,-1,-1,VN
2349,-1,-1,VN
2350,-1,-1,VN
2351,-1,-1,VN
2352,1,1,VP
2353,-1,-1,VN
2354,1,1,VP
2355,-1,-1,VN
2356,-1,-1,VN
2357,1,1,VP
2358,1,1,VP
2359,1,1,VP
2360,-1,-1,VN
2361,1,1,VP
2362,1,1,VP
2363,1,1,VP
2364,1,1,VP
2365,1,1,VP
2366,1,1,VP
2367,-1,-1,VN
2368,-1,-1,VN
2369,-1,-1,VN
2370,1,1,VP
2371,1,1,VP
2372,-1,-1,VN
2373,1,1,VP
2374,1,1,VP
2375,1,1,VP
2376,1,1,VP
2377,1,1,VP
2378,1,1,VP
2379,-1,-1,VN
2380,1,1,VP
2381,-1,-1,VN
2382,1,1,VP
2383,1,1,VP
2384,1,1,VP
2385,-1,-1,VN
2386,1,1,VP
2387,-1,-1,VN
2388,-1,-1,VN
2389,1,1,VP
2390,1,1,VP
2391,1,1,VP
2392,-1,-1,VN
2393,1,1,VP
2394,1,1,VP
2395,1,1,VP
2396,1,1,VP
2397,-1,-1,VN
2398,-1,-1,VN
2399,1,1,VP
2400,-1,-1,VN
2401,1,1,VP
2402,-1,-1,VN
2403,-1,-1,VN
2404,-1,-1,VN
2405,1,1,VP
2406,-1,-1,VN
2407,-1,-1,VN
2408,-1,1,FN
2409,1,1,VP
2410,-1,-1,VN
2411,1,1,VP
2412,1,1,VP
2413,1,1,VP
2414,1,1,VP
2415,-1,-1,VN
2416,1,1,VP
2417,1,1,VP
2418,1,1,VP
2419,1,1,VP
2420,-1,-1,VN
2421,1,1,VP
2422,-1,-1,VN
2423,1,1,VP
2424,-1,-1,VN
2425,-1,-1,VN
2426,1,1,VP
2427,-1,-1,VN
2428,1,1,VP
2429,-1,-1,VN
2430,1,1,VP
2431,1,1,VP
2432,-1,-1,VN
2433,-1,-1,VN
2434,-1,-1,VN
2435,1,1,VP
2436,-1,-1,VN
2437,-1,-1,VN
2438,1,1,VP
2439,-1,-1,VN
2440,1,1,VP
2441,-1,-1,VN
2442,1,1,VP
2443,-1,-1,VN
2444,1,1,VP
2445,1,1,VP
2446,-1,-1,VN
2447,1,1,VP
2448,1,1,VP
2449,1,1,VP
2450,1,1,VP
2451,1,1,VP
2452,1,1,VP
2453,1,1,VP
2454,1,1,VP
2455,-1,-1,VN
2456,-1,-1,VN
2457,1,1,VP
2458,1,1,VP
2459,1,1,VP
2460,-1,-1,VN
2461,1,1,VP
2462,-1,-1,VN
2463,1,1,VP
2464,-1,-1,VN
2465,-1,-1,VN
2466,1,1,VP
2467,1,1,VP
2468,-1,-1,VN
2469,-1,-1,VN
2470,1,1,VP
2471,1,1,VP
2472,1,1,VP
2473,1,1,VP
2474,1,1,VP
2475,1,1,VP
2476,1,1,VP
2477,-1,-1,VN
2478,-1,-1,VN
2479,-1,-1,VN
2480,1,1,VP
2481,1,-1,FP
2482,1,1,VP
2483,1,1,VP
2484,-1,-1,VN
2485,1,1,VP
2486,-1,-1,VN
2487,1,1,VP
2488,-1,-1,VN
2489,1,1,VP
2490,1,1,VP
2491,-1,-1,VN
2492,1,1,VP
2493,1,1,VP
2494,1,1,VP
2495,1,1,VP
2496,1,1,VP
2497,1,1,VP
2498,-1,-1,VN
2499,1,1,VP
2500,1,1,VP
2501,-1,-1,VN
2502,1,1,VP
2503,1,1,VP
2504,1,1,VP
2505,1,1,VP
2506,-1,-1,VN
2507,1,1,VP
2508,-1,-1,VN
2509,1,1,VP
2510,-1,-1,VN
2511,1,1,VP
2512,-1,-1,VN
2513,1,1,VP
2514,1,1,VP
2515,1,1,VP
2516,-1,-1,VN
2517,1,1,VP
2518,1,1,VP
2519,-1,-1,VN
2520,1,1,VP
2521,-1,-1,VN
2522,1,1,VP
2523,-1,-1,VN
2524,1,1,VP
2525,1,1,VP
2526,1,1,VP
2527,1,1,VP
2528,-1,-1,VN
2529,1,-1,FP
2530,-1,-1,VN
2531,1,1,VP
2532,1,1,VP
2533,-1,-1,VN
2534,1,1,VP
2535,1,1,VP
2536,-1,-1,VN
2537,-1,-1,VN
2538,1,1,VP
2539,-1,-1,VN
2540,1,1,VP
2541,-1,-1,VN
2542,1,1,VP
2543,-1,-1,VN
2544,1,1,VP
2545,1,1,VP
2546,1,1,VP
2547,1,1,VP
2548,1,1,VP
2549,1,1,VP
2550,-1,-1,VN
2551,1,-1,FP
2552,1,1,VP
2553,1,1,VP
2554,1,1,VP
2555,-1,-1,VN
2556,1,1,VP
2557,1,1,VP
2558,1,1,VP
2559,-1,-1,VN
2560,1,1,VP
2561,1,1,VP
2562,1,1,VP
2563,1,1,VP
2564,-1,-1,VN
2565,1,1,VP
2566,-1,-1,VN
2567,1,1,VP
2568,1,1,VP
2569,1,1,VP
2570,1,1,VP
2571,-1,-1,VN
2572,1,1,VP
2573,1,1,VP
2574,-1,-1,VN
2575,1,1,VP
2576,-1,-1,VN
2577,-1,-1,VN
2578,-1,-1,VN
2579,1,1,VP
2580,-1,-1,VN
2581,-1,-1,VN
2582,1,1,VP
2583,1,1,VP
2584,-1,-1,VN
2585,1,1,VP
2586,1,1,VP
2587,1,1,VP
2588,-1,-1,VN
2589,1,1,VP
2590,-1,-1,VN
2591,1,1,VP
2592,1,1,VP
2593,1,1,VP
2594,-1,-1,VN
2595,1,1,VP
2596,-1,-1,VN
2597,1,1,VP
2598,-1,-1,VN
2599,1,1,VP
2600,-1,-1,VN
2601,1,1,VP
2602,1,1,VP
2603,1,1,VP
2604,-1,-1,VN
2605,1,1,VP
2606,1,1,VP
2607,-1,-1,VN
2608,-1,-1,VN
2609,-1,-1,VN
2610,1,1,VP
2611,-1,-1,VN
2612,1,1,VP
2613,1,1,VP
2614,1,1,VP
2615,1,1,VP
2616,-1,-1,VN
2617,-1,-1,VN
2618,1,1,VP
2619,1,1,VP
2620,1,1,VP
2621,1,1,VP
2622,1,1,VP
2623,-1,-1,VN
2624,1,1,VP
2625,1,1,VP
2626,-1,-1,VN
2627,-1,-1,VN
2628,-1,-1,VN
2629,1,1,VP
2630,1,1,VP
2631,-1,-1,VN
2632,-1,-1,VN
2633,1,1,VP
2634,-1,-1,VN
2635,1,-1,FP
2636,-1,-1,VN
2637,-1,-1,VN
2638,-1,-1,VN
2639,1,1,VP
2640,1,1,VP
2641,-1,-1,VN
2642,1,1,VP
2643,-1,-1,VN
2644,1,1,VP
2645,1,1,VP
2646,1,1,VP
2647,1,1,VP
2648,-1,-1,VN
2649,-1,-1,VN
2650,-1,-1,VN
2651,1,1,VP
2652,1,1,VP
2653,1,1,VP
2654,1,1,VP
2655,1,-1,FP
2656,-1,-1,VN
2657,1,1,VP
2658,-1,-1,VN
2659,1,1,VP
2660,1,1,VP
2661,1,1,VP
2662,1,1,VP
2663,1,1,VP
2664,1,1,VP
2665,1,1,VP
2666,-1,-1,VN
2667,1,1,VP
2668,1,1,VP
2669,-1,-1,VN
2670,-1,-1,VN
2671,1,1,VP
2672,-1,-1,VN
2673,-1,-1,VN
2674,-1,-1,VN
2675,-1,-1,VN
2676,1,1,VP
2677,-1,-1,VN
2678,-1,-1,VN
2679,1,1,VP
2680,1,1,VP
2681,1,1,VP
2682,1,1,VP
2683,-1,-1,VN
2684,-1,-1,VN
2685,1,1,VP
2686,1,1,VP
2687,1,1,VP
2688,-1,-1,VN
2689,-1,-1,VN
2690,-1,-1,VN
2691,1,-1,FP
2692,-1,-1,VN
2693,-1,1,FN
2694,1,1,VP
2695,1,1,VP
2696,1,1,VP
2697,1,1,VP
2698,1,1,VP
2699,-1,-1,VN
2700,-1,-1,VN
2701,1,1,VP
2702,-1,-1,VN
2703,-1,-1,VN
2704,1,1,VP
2705,-1,-1,VN
2706,1,1,VP
2707,-1,-1,VN
2708,1,1,VP
2709,1,1,VP
2710,1,1,VP
2711,1,1,VP
2712,-1,-1,VN
2713,1,1,VP
2714,1,1,VP
2715,-1,-1,VN
2716,-1,-1,VN
2717,-1,-1,VN
2718,1,1,VP
2719,1,1,VP
2720,1,1,VP
2721,1,1,VP
2722,-1,-1,VN
2723,-1,-1,VN
2724,-1,-1,VN
2725,-1,-1,VN
2726,-1,-1,VN
2727,1,1,VP
2728,1,-1,FP
2729,1,1,VP
2730,1,1,VP
2731,-1,-1,VN
2732,1,1,VP
2733,1,1,VP
2734,1,1,VP
2735,-1,-1,VN
2736,-1,-1,VN
2737,1,-1,FP
2738,-1,-1,VN
2739,1,1,VP
2740,-1,-1,VN
2741,1,1,VP
2742,-1,-1,VN
2743,1,1,VP
2744,-1,-1,VN
2745,1,1,VP
2746,1,1,VP
2747,-1,-1,VN
2748,-1,-1,VN
2749,-1,-1,VN
2750,1,1,VP
2751,1,1,VP
2752,1,1,VP
2753,1,1,VP
2754,1,1,VP
2755,1,1,VP
2756,-1,-1,VN
2757,1,-1,FP
2758,-1,-1,VN
2759,1,1,VP
2760,-1,-1,VN
2761,1,-1,FP
2762,1,1,VP
2763,1,1,VP
2764,-1,-1,VN
2765,1,1,VP
2766,-1,-1,VN
2767,1,-1,FP
2768,1,1,VP
2769,-1,-1,VN
2770,1,1,VP
2771,-1,-1,VN
2772,1,1,VP
2773,-1,-1,VN
2774,1,1,VP
2775,1,1,VP
2776,1,1,VP
2777,-1,-1,VN
2778,1,1,VP
2779,-1,-1,VN
2780,1,1,VP
2781,1,1,VP
2782,-1,-1,VN
2783,1,1,VP
2784,1,1,VP
2785,-1,-1,VN
2786,1,1,VP
2787,-1,-1,VN
2788,1,1,VP
2789,1,1,VP
2790,1,1,VP
2791,-1,-1,VN
2792,1,1,VP
2793,-1,-1,VN
2794,1,1,VP
2795,-1,-1,VN
2796,-1,-1,VN
2797,1,1,VP
2798,-1,-1,VN
2799,1,1,VP
2800,1,1,VP
2801,1,1,VP
2802,1,1,VP
2803,1,1,VP
2804,1,1,VP
2805,1,1,VP
2806,1,1,VP
2807,1,1,VP
2808,1,1,VP
2809,1,1,VP
2810,-1,-1,VN
2811,-1,-1,VN
2812,1,1,VP
2813,-1,-1,VN
2814,1,1,VP
2815,-1,-1,VN
2816,1,1,VP
2817,1,1,VP
2818,-1,-1,VN
2819,1,1,VP
2820,1,1,VP
2821,1,-1,FP
2822,-1,-1,VN
2823,1,1,VP
2824,-1,-1,VN
2825,-1,-1,VN
2826,1,1,VP
2827,1,1,VP
2828,1,1,VP
2829,-1,-1,VN
2830,-1,-1,VN
2831,1,1,VP
2832,1,-1,FP
2833,-1,-1,VN
2834,-1,1,FN
2835,-1,-1,VN
2836,-1,-1,VN
2837,1,1,VP
2838,-1,-1,VN
2839,-1,-1,VN
2840,1,1,VP
2841,-1,-1,VN
2842,1,1,VP
2843,1,1,VP
2844,1,1,VP
2845,1,1,VP
2846,1,1,VP
2847,1,1,VP
2848,1,1,VP
2849,-1,-1,VN
2850,-1,-1,VN
2851,1,1,VP
2852,-1,-1,VN
2853,1,1,VP
2854,1,1,VP
2855,-1,-1,VN
2856,-1,-1,VN
2857,-1,-1,VN
2858,1,1,VP
2859,-1,-1,VN
2860,-1,-1,VN
2861,1,1,VP
2862,1,1,VP
2863,-1,-1,VN
2864,1,1,VP
2865,1,1,VP
2866,1,1,VP
2867,1,1,VP
2868,1,1,VP
2869,1,1,VP
2870,-1,-1,VN
2871,1,1,VP
2872,-1,-1,VN
2873,1,1,VP
2874,1,1,VP
2875,1,1,VP
2876,1,1,VP
2877,-1,-1,VN
2878,1,1,VP
2879,1,1,VP
2880,1,1,VP
2881,1,1,VP
2882,-1,-1,VN
2883,-1,-1,VN
2884,1,1,VP
2885,-1,-1,VN
2886,1,1,VP
2887,1,1,VP
2888,-1,-1,VN
2889,1,1,VP
2890,1,-1,FP
2891,1,1,VP
2892,1,1,VP
2893,-1,-1,VN
2894,1,1,VP
2895,-1,-1,VN
2896,1,1,VP
2897,-1,-1,VN
2898,1,1,VP
2899,1,1,VP
2900,-1,-1,VN
2901,1,1,VP
2902,1,1,VP
2903,1,1,VP
2904,1,1,VP
2905,1,1,VP
2906,-1,-1,VN
2907,1,1,VP
2908,-1,-1,VN
2909,1,1,VP
2910,1,1,VP
2911,-1,-1,VN
2912,1,1,VP
2913,-1,-1,VN
2914,-1,-1,VN
2915,1,1,VP
2916,-1,-1,VN
2917,1,1,VP
2918,1,1,VP
2919,-1,-1,VN
2920,1,1,VP
2921,1,1,VP
2922,1,1,VP
2923,-1,-1,VN
2924,1,1,VP
2925,1,1,VP
2926,1,1,VP
2927,1,1,VP
2928,-1,-1,VN
2929,1,1,VP
2930,-1,-1,VN
2931,-1,-1,VN
2932,1,1,VP
2933,-1,-1,VN
2934,-1,-1,VN
2935,1,1,VP
2936,1,1,VP
2937,1,1,VP
2938,-1,-1,VN
2939,-1,-1,VN
2940,1,1,VP
2941,-1,-1,VN
2942,1,1,VP
2943,-1,-1,VN
2944,1,1,VP
2945,1,1,VP
2946,1,1,VP
2947,1,1,VP
2948,1,1,VP
2949,1,1,VP
2950,-1,-1,VN
2951,1,1,VP
2952,-1,-1,VN
2953,1,1,VP
2954,-1,-1,VN
2955,-1,-1,VN
2956,-1,-1,VN
2957,1,1,VP
2958,1,1,VP
2959,1,1,VP
2960,-1,-1,VN
2961,-1,-1,VN
2962,-1,-1,VN
2963,1,1,VP
2964,-1,-1,VN
2965,-1,-1,VN
2966,1,1,VP
2967,1,1,VP
2968,1,1,VP
2969,1,-1,FP
2970,1,1,VP
2971,1,1,VP
2972,1,1,VP
2973,1,1,VP
2974,1,1,VP
2975,-1,-1,VN
2976,1,1,VP
2977,-1,-1,VN
2978,1,1,VP
2979,1,1,VP
2980,-1,-1,VN
2981,1,1,VP
2982,1,1,VP
2983,-1,-1,VN
2984,-1,-1,VN
2985,1,1,VP
2986,1,1,VP
2987,-1,-1,VN
2988,-1,-1,VN
2989,1,1,VP
2990,-1,-1,VN
2991,-1,-1,VN
2992,1,1,VP
2993,1,1,VP
2994,-1,-1,VN
2995,-1,1,FN
2996,1,1,VP
2997,1,1,VP
2998,1,1,VP
2999,-1,-1,VN
3000,1,1,VP
3001,1,-1,FP
3002,1,1,VP
3003,1,1,VP
3004,-1,-1,VN
3005,-1,-1,VN
3006,1,1,VP
3007,1,1,VP
3008,1,1,VP
3009,1,1,VP
3010,1,1,VP
3011,1,1,VP
3012,1,1,VP
3013,1,1,VP
3014,-1,-1,VN
3015,1,1,VP
3016,1,1,VP
3017,1,1,VP
3018,1,1,VP
3019,1,1,VP
3020,1,1,VP
3021,1,1,VP
3022,1,1,VP
3023,1,1,VP
3024,-1,-1,VN
3025,1,1,VP
3026,1,1,VP
3027,1,1,VP
3028,1,1,VP
3029,1,1,VP
3030,1,1,VP
3031,-1,-1,VN
3032,-1,-1,VN
3033,1,1,VP
3034,1,1,VP
3035,1,1,VP
3036,1,1,VP
3037,-1,-1,VN
3038,-1,-1,VN
3039,-1,-1,VN
3040,1,1,VP
3041,1,1,VP
3042,1,1,VP
3043,1,1,VP
3044,-1,-1,VN
3045,1,1,VP
3046,1,1,VP
3047,1,-1,FP
3048,1,1,VP
3049,1,-1,FP
3050,1,1,VP
3051,1,1,VP
3052,1,1,VP
3053,1,1,VP
3054,1,1,VP
3055,1,1,VP
3056,1,1,VP
3057,1,1,VP
3058,-1,-1,VN
3059,1,1,VP
3060,1,1,VP
3061,1,1,VP
3062,1,1,VP
3063,-1,-1,VN
3064,1,1,VP
3065,-1,-1,VN
3066,1,1,VP
3067,-1,-1,VN
3068,1,1,VP
3069,1,-1,FP
3070,-1,-1,VN
3071,1,1,VP
3072,1,1,VP
3073,1,1,VP
3074,1,1,VP
3075,-1,-1,VN
3076,-1,-1,VN
3077,-1,-1,VN
3078,1,1,VP
3079,-1,-1,VN
3080,1,1,VP
3081,1,1,VP
3082,1,1,VP
3083,1,1,VP
3084,1,1,VP
3085,-1,-1,VN
3086,-1,-1,VN
3087,1,1,VP
3088,-1,-1,VN
3089,1,1,VP
3090,1,1,VP
3091,1,1,VP
3092,1,1,VP
3093,1,1,VP
3094,1,1,VP
3095,1,1,VP
3096,1,1,VP
3097,1,1,VP
3098,1,1,VP
3099,1,1,VP
3100,1,1,VP
3101,1,1,VP
3102,1,1,VP
3103,1,1,VP
3104,1,-1,FP
3105,1,1,VP
3106,1,1,VP
3107,-1,-1,VN
3108,-1,-1,VN
3109,1,1,VP
3110,-1,-1,VN
3111,1,1,VP
3112,-1,-1,VN
3113,-1,-1,VN
3114,-1,-1,VN
3115,1,1,VP
3116,1,1,VP
3117,-1,-1,VN
3118,1,1,VP
3119,1,1,VP
3120,-1,-1,VN
3121,-1,-1,VN
3122,1,1,VP
3123,1,1,VP
3124,-1,-1,VN
3125,-1,-1,VN
3126,-1,-1,VN
3127,1,1,VP
3128,1,1,VP
3129,1,1,VP
3130,-1,-1,VN
3131,1,1,VP
3132,1,1,VP
3133,1,1,VP
3134,1,1,VP
3135,-1,-1,VN
3136,1,1,VP
3137,1,1,VP
3138,1,1,VP
3139,1,1,VP
3140,1,1,VP
3141,-1,-1,VN
3142,-1,-1,VN
3143,1,1,VP
3144,1,1,VP
3145,1,1,VP
3146,1,1,VP
3147,1,1,VP
3148,-1,-1,VN
3149,1,1,VP
3150,1,1,VP
3151,-1,-1,VN
3152,-1,-1,VN
3153,1,1,VP
3154,-1,-1,VN
3155,-1,-1,VN
3156,1,1,VP
3157,1,-1,FP
3158,-1,-1,VN
3159,1,1,VP
3160,1,1,VP
3161,-1,-1,VN
3162,-1,-1,VN
3163,-1,-1,VN
3164,-1,-1,VN
3165,1,1,VP
3166,1,1,VP
3167,1,-1,FP
3168,-1,-1,VN
3169,-1,-1,VN
3170,-1,-1,VN
3171,1,1,VP
3172,-1,-1,VN
3173,1,1,VP
3174,1,1,VP
3175,1,1,VP
3176,1,1,VP
3177,1,1,VP
3178,-1,-1,VN
3179,-1,-1,VN
3180,1,1,VP
3181,1,1,VP
3182,-1,-1,VN
3183,1,1,VP
3184,1,1,VP
3185,1,1,VP
3186,-1,-1,VN
3187,1,1,VP
3188,1,1,VP
3189,1,1,VP
3190,-1,-1,VN
3191,1,1,VP
3192,1,1,VP
3193,-1,-1,VN
3194,-1,-1,VN
3195,-1,-1,VN
3196,1,-1,FP
3197,1,1,VP
3198,1,1,VP
3199,-1,-1,VN
3200,-1,-1,VN
3201,1,1,VP
3202,-1,-1,VN
3203,-1,-1,VN
3204,1,1,VP
3205,-1,1,FN
3206,1,1,VP
3207,-1,-1,VN
3208,1,1,VP
3209,-1,-1,VN
3210,1,1,VP
3211,1,1,VP
3212,-1,-1,VN
3213,1,1,VP
3214,1,1,VP
3215,1,1,VP
3216,1,1,VP
3217,1,1,VP
3218,-1,-1,VN
3219,1,1,VP
3220,1,1,VP
3221,-1,-1,VN
3222,-1,-1,VN
3223,1,-1,FP
3224,-1,-1,VN
3225,-1,-1,VN
3226,1,1,VP
3227,-1,-1,VN
3228,-1,-1,VN
3229,1,1,VP
3230,1,-1,FP
3231,1,1,VP
3232,1,1,VP
3233,1,1,VP
3234,-1,-1,VN
3235,1,1,VP
3236,1,1,VP
3237,-1,-1,VN
3238,1,1,VP
3239,1,1,VP
3240,-1,-1,VN
3241,-1,-1,VN
3242,1,1,VP
3243,-1,-1,VN
3244,1,1,VP
3245,1,1,VP
3246,1,1,VP
3247,1,1,VP
3248,1,-1,FP
3249,1,1,VP
3250,-1,-1,VN
3251,1,1,VP
3252,1,1,VP
3253,1,1,VP
3254,-1,-1,VN
3255,1,1,VP
3256,-1,-1,VN
3257,1,1,VP
3258,-1,-1,VN
3259,-1,-1,VN
3260,-1,-1,VN
3261,1,1,VP
3262,-1,-1,VN
3263,-1,-1,VN
3264,1,1,VP
3265,1,1,VP
3266,1,1,VP
3267,1,1,VP
3268,1,1,VP
3269,1,1,VP
3270,1,1,VP
3271,1,1,VP
3272,-1,-1,VN
3273,-1,-1,VN
3274,-1,-1,VN
3275,-1,-1,VN
3276,-1,-1,VN
3277,-1,-1,VN
3278,1,1,VP
3279,-1,1,FN
3280,1,1,VP
3281,1,1,VP
3282,1,1,VP
3283,1,1,VP
3284,1,1,VP
3285,1,1,VP
3286,-1,-1,VN
3287,-1,-1,VN
3288,-1,-1,VN
3289,-1,-1,VN
3290,-1,-1,VN
3291,-1,-1,VN
3292,-1,-1,VN
3293,1,1,VP
3294,1,1,VP
3295,1,1,VP
3296,1,1,VP
3297,1,1,VP
3298,-1,-1,VN
3299,-1,1,FN
3300,1,1,VP
3301,-1,-1,VN
3302,-1,-1,VN
3303,1,1,VP
3304,1,-1,FP
3305,1,1,VP
3306,-1,-1,VN
3307,-1,-1,VN
3308,1,1,VP
3309,1,1,VP
3310,1,1,VP
3311,1,1,VP
3312,-1,-1,VN
3313,1,1,VP
3314,-1,-1,VN
3315,1,1,VP
3316,1,1,VP
3317,1,1,VP
3318,-1,-1,VN
3319,-1,-1,VN
3320,1,1,VP
3321,1,1,VP
3322,1,1,VP
3323,-1,-1,VN
3324,1,1,VP
3325,1,1,VP
3326,1,1,VP
3327,-1,-1,VN
3328,-1,-1,VN
3329,1,1,VP
3330,-1,-1,VN
3331,-1,1,FN
3332,1,1,VP
3333,1,1,VP
3334,1,1,VP
3335,1,1,VP
3336,1,1,VP
3337,-1,-1,VN
3338,-1,-1,VN
3339,-1,-1,VN
3340,1,1,VP
3341,1,1,VP
3342,1,1,VP
3343,1,1,VP
3344,1,1,VP
3345,1,1,VP
3346,1,1,VP
3347,-1,-1,VN
3348,1,1,VP
3349,-1,-1,VN
3350,1,1,VP
3351,-1,-1,VN
3352,1,1,VP
3353,1,1,VP
3354,-1,-1,VN
3355,1,1,VP
3356,1,1,VP
3357,1,1,VP
3358,1,1,VP
3359,-1,-1,VN
3360,1,1,VP
3361,1,1,VP
3362,1,1,VP
3363,1,1,VP
3364,1,1,VP
3365,1,1,VP
3366,1,1,VP
3367,-1,-1,VN
3368,-1,1,FN
3369,-1,-1,VN
3370,1,1,VP
3371,1,1,VP
3372,1,1,VP
3373,1,1,VP
3374,1,1,VP
3375,-1,-1,VN
3376,1,1,VP
3377,-1,-1,VN
3378,-1,-1,VN
3379,1,1,VP
3380,1,1,VP
3381,-1,-1,VN
3382,-1,-1,VN
3383,-1,-1,VN
3384,1,1,VP
3385,-1,-1,VN
3386,1,1,VP
3387,1,1,VP
3388,1,1,VP
3389,1,1,VP
3390,-1,-1,VN
3391,1,1,VP
3392,-1,-1,VN
3393,1,1,VP
3394,-1,-1,VN
3395,-1,-1,VN
3396,-1,-1,VN
3397,1,1,VP
3398,1,1,VP
3399,1,1,VP
3400,-1,-1,VN
3401,1,1,VP
3402,1,1,VP
3403,1,1,VP
3404,1,1,VP
3405,1,1,VP
3406,1,1,VP
3407,1,1,VP
3408,1,1,VP
3409,1,1,VP
3410,1,1,VP
3411,-1,-1,VN
3412,-1,-1,VN
3413,1,1,VP
3414,-1,-1,VN
3415,1,1,VP
3416,-1,-1,VN
3417,1,1,VP
3418,-1,-1,VN
3419,-1,1,FN
3420,1,1,VP
3421,-1,-1,VN
3422,-1,-1,VN
3423,1,1,VP
3424,1,1,VP
3425,-1,-1,VN
3426,1,1,VP
3427,1,1,VP
3428,1,1,VP
3429,1,1,VP
3430,1,1,VP
3431,1,1,VP
3432,1,1,VP
3433,1,1,VP
3434,-1,-1,VN
3435,1,1,VP
3436,1,1,VP
3437,1,1,VP
3438,-1,-1,VN
3439,1,1,VP
3440,-1,-1,VN
3441,1,1,VP
3442,1,1,VP
3443,1,1,VP
3444,1,-1,FP
3445,-1,-1,VN
3446,-1,-1,VN
3447,-1,-1,VN
3448,-1,-1,VN
3449,1,1,VP
3450,1,1,VP
3451,1,1,VP
3452,-1,-1,VN
3453,-1,-1,VN
3454,-1,-1,VN
3455,-1,-1,VN
3456,1,1,VP
3457,-1,-1,VN
3458,1,1,VP
3459,1,1,VP
3460,1,-1,FP
3461,1,1,VP
3462,1,-1,FP
3463,1,1,VP
3464,1,1,VP
3465,-1,-1,VN
3466,1,1,VP
3467,1,1,VP
3468,1,1,VP
3469,1,1,VP
3470,-1,-1,VN
3471,1,1,VP
3472,-1,-1,VN
3473,-1,-1,VN
3474,1,-1,FP
3475,-1,-1,VN
3476,1,1,VP
3477,1,1,VP
3478,1,1,VP
3479,1,1,VP
3480,1,1,VP
3481,1,1,VP
3482,1,1,VP
3483,-1,-1,VN
3484,1,1,VP
3485,-1,-1,VN
3486,1,1,VP
3487,1,1,VP
3488,-1,-1,VN
3489,1,1,VP
3490,1,1,VP
3491,-1,-1,VN
3492,-1,-1,VN
3493,-1,-1,VN
3494,-1,-1,VN
3495,1,1,VP
3496,-1,-1,VN
3497,-1,-1,VN
3498,1,1,VP
3499,1,1,VP
3500,1,1,VP
3501,-1,-1,VN
3502,1,1,VP
3503,-1,-1,VN
3504,1,1,VP
3505,-1,-1,VN
3506,-1,-1,VN
3507,-1,-1,VN
3508,1,1,VP
3509,1,1,VP
3510,1,1,VP
3511,1,1,VP
3512,1,1,VP
3513,1,1,VP
3514,1,1,VP
3515,1,1,VP
3516,-1,-1,VN
3517,1,1,VP
3518,1,1,VP
3519,-1,-1,VN
3520,-1,-1,VN
3521,-1,-1,VN
3522,-1,-1,VN
3523,-1,-1,VN
3524,-1,-1,VN
3525,-1,-1,VN
3526,1,1,VP
3527,-1,-1,VN
3528,1,1,VP
3529,1,1,VP
3530,1,1,VP
3531,1,1,VP
3532,1,1,VP
3533,-1,-1,VN
3534,-1,-1,VN
3535,-1,-1,VN
3536,-1,-1,VN
3537,1,1,VP
3538,-1,1,FN
3539,1,1,VP
3540,1,1,VP
3541,1,1,VP
3542,1,1,VP
3543,-1,-1,VN
3544,1,1,VP
3545,-1,-1,VN
3546,1,1,VP
3547,1,1,VP
3548,1,1,VP
3549,1,1,VP
3550,1,1,VP
3551,1,1,VP
3552,1,1,VP
3553,1,1,VP
3554,-1,-1,VN
3555,1,1,VP
3556,1,1,VP
3557,-1,-1,VN
3558,1,1,VP
3559,-1,-1,VN
3560,-1,-1,VN
3561,1,1,VP
3562,1,1,VP
3563,1,1,VP
3564,1,1,VP
3565,1,1,VP
3566,-1,-1,VN
3567,1,1,VP
3568,1,1,VP
3569,1,1,VP
3570,1,1,VP
3571,1,1,VP
3572,-1,-1,VN
3573,1,1,VP
3574,-1,-1,VN
3575,1,1,VP
3576,1,1,VP
3577,1,1,VP
3578,1,1,VP
3579,1,1,VP
3580,1,1,VP
3581,-1,-1,VN
3582,1,1,VP
3583,-1,-1,VN
3584,1,1,VP
3585,-1,-1,VN
3586,1,1,VP
3587,1,1,VP
3588,1,1,VP
3589,-1,-1,VN
3590,-1,-1,VN
3591,1,1,VP
3592,1,1,VP
3593,1,1,VP
3594,-1,-1,VN
3595,1,1,VP
3596,1,1,VP
3597,-1,-1,VN
3598,1,1,VP
3599,-1,-1,VN
3600,-1,-1,VN
3601,-1,-1,VN
3602,-1,-1,VN
3603,1,1,VP
3604,1,1,VP
3605,1,1,VP
3606,-1,-1,VN
3607,-1,-1,VN
3608,-1,-1,VN
3609,1,1,VP
3610,-1,-1,VN
3611,1,1,VP
3612,1,1,VP
3613,1,1,VP
3614,1,1,VP
3615,1,1,VP
3616,1,1,VP
3617,1,1,VP
3618,1,1,VP
3619,-1,-1,VN
3620,-1,-1,VN
3621,-1,-1,VN
3622,1,1,VP
3623,-1,-1,VN
3624,1,1,VP
3625,1,1,VP
3626,1,1,VP
3627,-1,-1,VN
3628,1,1,VP
3629,1,1,VP
3630,-1,-1,VN
3631,1,1,VP
3632,1,1,VP
3633,1,1,VP
3634,1,1,VP
3635,-1,-1,VN
3636,1,1,VP
3637,-1,-1,VN
3638,-1,-1,VN
3639,1,1,VP
3640,1,1,VP
3641,-1,-1,VN
3642,1,1,VP
3643,-1,-1,VN
3644,1,1,VP
3645,-1,-1,VN
3646,1,1,VP
3647,1,1,VP
3648,1,1,VP
3649,-1,-1,VN
3650,1,1,VP
3651,-1,-1,VN
3652,-1,-1,VN
3653,-1,-1,VN
3654,1,1,VP
3655,-1,-1,VN
3656,-1,-1,VN
3657,1,1,VP
3658,-1,-1,VN
3659,1,1,VP
3660,-1,1,FN
3661,1,1,VP
3662,-1,-1,VN
3663,-1,-1,VN
3664,-1,-1,VN
3665,1,1,VP
3666,-1,-1,VN
3667,1,1,VP
3668,1,1,VP
3669,1,1,VP
3670,1,1,VP
3671,1,-1,FP
3672,-1,-1,VN
3673,1,1,VP
3674,-1,-1,VN
3675,1,1,VP
3676,-1,-1,VN
3677,-1,-1,VN
3678,-1,-1,VN
3679,-1,-1,VN
3680,-1,-1,VN
3681,1,1,VP
3682,1,1,VP
3683,1,-1,FP
3684,-1,-1,VN
3685,1,1,VP
3686,1,1,VP
3687,1,1,VP
3688,1,1,VP
3689,-1,-1,VN
3690,-1,-1,VN
3691,-1,-1,VN
3692,-1,-1,VN
3693,1,1,VP
3694,1,1,VP
3695,1,1,VP
3696,1,1,VP
3697,1,1,VP
3698,1,1,VP
3699,1,1,VP
3700,-1,-1,VN
3701,1,1,VP
3702,-1,-1,VN
3703,1,1,VP
3704,1,1,VP
3705,1,1,VP
3706,-1,-1,VN
3707,-1,-1,VN
3708,1,1,VP
3709,1,1,VP
3710,1,1,VP
3711,1,1,VP
3712,-1,-1,VN
3713,-1,-1,VN
3714,-1,-1,VN
3715,-1,-1,VN
3716,1,1,VP
3717,-1,-1,VN
3718,1,1,VP
3719,1,1,VP
3720,1,1,VP
3721,1,1,VP
3722,1,1,VP
3723,1,1,VP
3724,1,1,VP
3725,1,1,VP
3726,1,1,VP
3727,-1,-1,VN
3728,-1,-1,VN
3729,1,1,VP
3730,1,1,VP
3731,1,1,VP
3732,-1,-1,VN
3733,1,1,VP
3734,1,1,VP
3735,-1,-1,VN
3736,-1,-1,VN
3737,1,1,VP
3738,1,1,VP
3739,1,1,VP
3740,1,1,VP
3741,1,1,VP
3742,-1,-1,VN
3743,1,1,VP
3744,1,1,VP
3745,1,1,VP
3746,1,1,VP
3747,-1,-1,VN
3748,1,1,VP
3749,-1,-1,VN
3750,-1,-1,VN
3751,1,1,VP
3752,1,-1,FP
3753,1,1,VP
3754,-1,-1,VN
3755,1,1,VP
3756,1,1,VP
3757,-1,-1,VN
3758,1,1,VP
3759,1,1,VP
3760,1,1,VP
3761,1,1,VP
3762,1,1,VP
3763,1,1,VP
3764,-1,-1,VN
3765,1,1,VP
3766,-1,-1,VN
3767,1,1,VP
3768,1,-1,FP
3769,-1,-1,VN
3770,1,1,VP
3771,1,1,VP
3772,1,1,VP
3773,1,1,VP
3774,1,1,VP
3775,1,-1,FP
3776,1,1,VP
3777,1,1,VP
3778,-1,-1,VN
3779,1,1,VP
3780,1,1,VP
3781,1,1,VP
3782,1,1,VP
3783,-1,-1,VN
3784,1,1,VP
3785,1,1,VP
3786,-1,-1,VN
3787,1,1,VP
3788,-1,-1,VN
3789,1,1,VP
3790,-1,-1,VN
3791,1,1,VP
3792,-1,-1,VN
3793,-1,-1,VN
3794,-1,-1,VN
3795,1,1,VP
3796,-1,-1,VN
3797,-1,-1,VN
3798,1,1,VP
3799,-1,-1,VN
3800,-1,-1,VN
3801,1,1,VP
3802,-1,-1,VN
3803,1,1,VP
3804,-1,-1,VN
3805,1,1,VP
3806,1,1,VP
3807,1,1,VP
3808,1,1,VP
3809,1,1,VP
3810,1,1,VP
3811,-1,-1,VN
3812,-1,-1,VN
3813,1,1,VP
3814,-1,-1,VN
